[
    {
        "建造时间": "两亿年前",
        "名称": "汉江",
        "描述": "汉江流域属亚热带季风区，气候温和湿润，年降水量873mm，水量较丰沛；但年内分配不均，5～10月径流量占全年75%左右，年际变化较大，是长江各大支流中变化最大的河流。",
        "省市": "陕西省汉中市",
        "合作*关系": "贵州省遵义市",
        "类型": "河流"
    },
    {
        "名称": "长江",
        "描述": "null",
        "省市": "null",
        "合作*关系": "汉江",
        "类型": "null"
    },
    {
        "建造时间": "1958年",
        "名称": "丹江口水库",
        "描述": "别名：亚洲天池。行政区类别：国家一级水源保护区。所属地区：湖北省丹江口市，河南省淅川县。地理位置：汉江中上游，鄂、豫交界。面积：近1000平方公里。气候条件：亚热带季风气候。",
        "省市": "湖北省丹江口市",
        "合作*关系": "长江",
        "类型": "水库"
    },
    {
        "名称": "陕西省汉中市",
        "描述": "null",
        "省市": "null",
        "合作*关系": "丹江口水库",
        "类型": "null"
    },
    {
        "建造时间": "1982年",
        "名称": "乌江渡水电站",
        "描述": "多年平均流量：502立方米/秒。设计洪水流量：19200立方米/秒。校核洪水位：762.8米。正常高水位：760米。死水位：720米。校核尾水位：672.9米。",
        "省市": "贵州省遵义市",
        "合作*关系": "陕西省汉中市",
        "类型": "水电站"
    },
    {
        "建造时间": "两亿年前",
        "名称": "乌江",
        "描述": "乌江是长江上游右岸最大的一条支流，流域面积8.82万平方公里；有南北两源，从南源至河口全长1037km，天然落差2124m，河口多年平均流量1690立方米/秒，年径流量534亿立方米。",
        "省市": "云南省",
        "合作*关系": "乌江渡水电站",
        "类型": "河流"
    },
    {
        "建造时间": "1970年",
        "名称": "丹江口水电站",
        "描述": "控制流域面积: 95217平方公里。多年平均流量: 1200秒立米。正常蓄水位/死水位: 157/139米。总库容/调节库容: 208.9/102.2亿立方米。",
        "省市": "湖北省丹江口市",
        "合作*关系": "乌江",
        "类型": "水电站"
    },
    {
        "建造时间": "622年",
        "名称": "贵州省遵义市",
        "描述": "简称“遵”。首批国家历史文化名城。“遵义会议”",
        "省市": "贵州省遵义市",
        "合作*关系": "丹江口水电站",
        "类型": "城市"
    }
]