名称,类型,省市,描述,临近,合作,建造时间
湖北省丹江口市,城市,湖北省丹江口市,中国水都。南水北调工程：南水北调中线工程调水源头的知名度以及悠久的文化历史，促进了旅游经济的蓬勃发展。,丹江口水坝,丹江口水电站,1958年
贵州省遵义市,城市,贵州省遵义市,简称“遵”。首批国家历史文化名城。“遵义会议”,汉江,乌江渡水电站,622年
丹江口水坝,水坝,湖北省丹江口市,著名景点：丹江口大坝，丹江口工程展览馆等。所属国家：中国。所属城市：丹江口市。适宜游玩季节：四季皆宜。兴建时间：1958年9月1日。类型：国家水利风景区。,湖北省丹江口市,丹江口水库,1974年
乌江渡大坝,水坝,贵州省遵义市,区域特征：岩溶典型发育区。兴建时间：1970年4月。完工时间：1982年12月4日。位置：云贵高原乌江干流上。,乌江,乌江渡水电站,1982年
丹江口水库,水库,湖北省丹江口市,别名：亚洲天池。行政区类别：国家一级水源保护区。所属地区：湖北省丹江口市，河南省淅川县。地理位置：汉江中上游，鄂、豫交界。面积：近1000平方公里。气候条件：亚热带季风气候。,汉江,丹江口水电站,1958年
乌江渡水库,水库,贵州省遵义市,中文名：乌江渡水库。位于：贵州省中部。坝址：遵义市遵义县乌江镇。投用时间：1983年。,乌江渡大坝,乌江渡水电站,1983年
汉江,河流,陕西省汉中市,汉江流域属亚热带季风区，气候温和湿润，年降水量873mm，水量较丰沛；但年内分配不均，5～10月径流量占全年75%左右，年际变化较大，是长江各大支流中变化最大的河流。,陕西省汉中市,长江,公元前224年
乌江,河流,云南省,乌江是长江上游右岸最大的一条支流，流域面积8.82万平方公里；有南北两源，从南源至河口全长1037km，天然落差2124m，河口多年平均流量1690立方米/秒，年径流量534亿立方米。,汉江,乌江渡大坝,公元前200年
丹江口水电站,水电站,湖北省丹江口市,控制流域面积: 95217平方公里。多年平均流量: 1200秒立米。正常蓄水位/死水位: 157/139米。总库容/调节库容: 208.9/102.2亿立方米。,汉江,湖北省丹江口市,212
乌江渡水电站,水电站,贵州省遵义市,多年平均流量：502立方米/秒。设计洪水流量：19200立方米/秒。校核洪水位：762.8米。正常高水位：760米。死水位：720米。校核尾水位：672.9米。,汉江,贵州省遵义市,2336
