名称,类型,省市,描述,临近,合作,建造时间
湖北省丹江口市,城市,湖北省丹江口市,中国水都。南水北调工程：南水北调中线工程调水源头的知名度以及悠久的文化历史，促进了旅游经济的蓬勃发展。,三峡水电站,丹江口水电站,1958年
贵州省遵义市,城市,贵州省遵义市,简称“遵”。首批国家历史文化名城。“遵义会议”,汉江,乌江渡水电站,622年
丹江口水坝,水坝,湖北省丹江口市,著名景点：丹江口大坝，丹江口工程展览馆等。所属国家：中国。所属城市：丹江口市。适宜游玩季节：四季皆宜。兴建时间：1958年9月1日。类型：国家水利风景区。,湖北省丹江口市,三峡水电站,1974年
乌江渡大坝,水坝,贵州省遵义市,区域特征：岩溶典型发育区。兴建时间：1970年4月。完工时间：1982年12月4日。位置：云贵高原乌江干流上。,贵州省遵义市,乌江渡水电站,1982年
丹江口水库,水库,湖北省丹江口市,别名：亚洲天池。行政区类别：国家一级水源保护区。所属地区：湖北省丹江口市，河南省淅川县。地理位置：汉江中上游，鄂、豫交界。面积：近1000平方公里。气候条件：亚热带季风气候。,汉江,丹江口水电站,1958年
乌江渡水库,水库,贵州省遵义市,中文名：乌江渡水库。位于：贵州省中部。坝址：遵义市遵义县乌江镇。投用时间：1983年。,乌江渡大坝,乌江渡水电站,1983年
汉江,河流,陕西省汉中市,汉江流域属亚热带季风区，气候温和湿润，年降水量873mm，水量较丰沛；但年内分配不均，5～10月径流量占全年75%左右，年际变化较大，是长江各大支流中变化最大的河流。,陕西省汉中市,长江,两亿年前
乌江,河流,云南省,乌江是长江上游右岸最大的一条支流，流域面积8.82万平方公里；有南北两源，从南源至河口全长1037km，天然落差2124m，河口多年平均流量1690立方米/秒，年径流量534亿立方米。,汉江,乌江渡大坝,两亿年前
丹江口水电站,水电站,湖北省丹江口市,控制流域面积: 95217平方公里。多年平均流量: 1200秒立米。正常蓄水位/死水位: 157/139米。总库容/调节库容: 208.9/102.2亿立方米。,汉江,三峡水电站,1970年
乌江渡水电站,水电站,贵州省遵义市,多年平均流量：502立方米/秒。设计洪水流量：19200立方米/秒。校核洪水位：762.8米。正常高水位：760米。死水位：720米。校核尾水位：672.9米。,汉江,丹江口水电站,1982年
湖北省丹江口市1,城市,湖北省丹江口市,中国水都。南水北调工程：南水北调中线工程调水源头的知名度以及悠久的文化历史，促进了旅游经济的蓬勃发展。,三峡水电站2,丹江口水电站1,1958年
贵州省遵义市1,城市,贵州省遵义市,简称“遵”。首批国家历史文化名城。“遵义会议”,汉江1,乌江渡水电站3,622年
丹江口水坝1,水坝,湖北省丹江口市,著名景点：丹江口大坝，丹江口工程展览馆等。所属国家：中国。所属城市：丹江口市。适宜游玩季节：四季皆宜。兴建时间：1958年9月1日。类型：国家水利风景区。,湖北省丹江口市2,三峡水电站3,1974年
乌江渡大坝1,水坝,贵州省遵义市,区域特征：岩溶典型发育区。兴建时间：1970年4月。完工时间：1982年12月4日。位置：云贵高原乌江干流上。,贵州省遵义市4,乌江渡水电站1,1982年
丹江口水库1,水库,湖北省丹江口市,别名：亚洲天池。行政区类别：国家一级水源保护区。所属地区：湖北省丹江口市，河南省淅川县。地理位置：汉江中上游，鄂、豫交界。面积：近1000平方公里。气候条件：亚热带季风气候。,汉江1,丹江口水电站3,1958年
乌江渡水库1,水库,贵州省遵义市,中文名：乌江渡水库。位于：贵州省中部。坝址：遵义市遵义县乌江镇。投用时间：1983年。,乌江渡大坝2,乌江渡水电站3,1983年
汉江1,河流,陕西省汉中市,汉江流域属亚热带季风区，气候温和湿润，年降水量873mm，水量较丰沛；但年内分配不均，5～10月径流量占全年75%左右，年际变化较大，是长江各大支流中变化最大的河流。,陕西省汉中市2,长江1,两亿年前
乌江1,河流,云南省,乌江是长江上游右岸最大的一条支流，流域面积8.82万平方公里；有南北两源，从南源至河口全长1037km，天然落差2124m，河口多年平均流量1690立方米/秒，年径流量534亿立方米。,汉江3,乌江渡大坝4,两亿年前
丹江口水电站1,水电站,湖北省丹江口市,控制流域面积: 95217平方公里。多年平均流量: 1200秒立米。正常蓄水位/死水位: 157/139米。总库容/调节库容: 208.9/102.2亿立方米。,汉江1,三峡水电站2,1970年
乌江渡水电站1,水电站,贵州省遵义市,多年平均流量：502立方米/秒。设计洪水流量：19200立方米/秒。校核洪水位：762.8米。正常高水位：760米。死水位：720米。校核尾水位：672.9米。,汉江4,丹江口水电站2,1982年
湖北省丹江口市2,城市,湖北省丹江口市,中国水都。南水北调工程：南水北调中线工程调水源头的知名度以及悠久的文化历史，促进了旅游经济的蓬勃发展。,三峡水电站2,丹江口水电站1,1958年
贵州省遵义市2,城市,贵州省遵义市,简称“遵”。首批国家历史文化名城。“遵义会议”,汉江,乌江渡水电站,622年
丹江口水坝2,水坝,湖北省丹江口市,著名景点：丹江口大坝，丹江口工程展览馆等。所属国家：中国。所属城市：丹江口市。适宜游玩季节：四季皆宜。兴建时间：1958年9月1日。类型：国家水利风景区。,湖北省丹江口市1,三峡水电站3,1974年
乌江渡大坝2,水坝,贵州省遵义市,区域特征：岩溶典型发育区。兴建时间：1970年4月。完工时间：1982年12月4日。位置：云贵高原乌江干流上。,贵州省遵义市2,乌江渡水电站3,1982年
丹江口水库2,水库,湖北省丹江口市,别名：亚洲天池。行政区类别：国家一级水源保护区。所属地区：湖北省丹江口市，河南省淅川县。地理位置：汉江中上游，鄂、豫交界。面积：近1000平方公里。气候条件：亚热带季风气候。,汉江1,丹江口水电站5,1958年
乌江渡水库2,水库,贵州省遵义市,中文名：乌江渡水库。位于：贵州省中部。坝址：遵义市遵义县乌江镇。投用时间：1983年。,乌江渡大坝3,乌江渡水电站4,1983年
汉江2,河流,陕西省汉中市,汉江流域属亚热带季风区，气候温和湿润，年降水量873mm，水量较丰沛；但年内分配不均，5～10月径流量占全年75%左右，年际变化较大，是长江各大支流中变化最大的河流。,陕西省汉中市2,长江1,两亿年前
乌江2,河流,云南省,乌江是长江上游右岸最大的一条支流，流域面积8.82万平方公里；有南北两源，从南源至河口全长1037km，天然落差2124m，河口多年平均流量1690立方米/秒，年径流量534亿立方米。,汉江3,乌江渡大坝4,两亿年前
丹江口水电站2,水电站,湖北省丹江口市,控制流域面积: 95217平方公里。多年平均流量: 1200秒立米。正常蓄水位/死水位: 157/139米。总库容/调节库容: 208.9/102.2亿立方米。,汉江1,三峡水电站2,1970年
乌江渡水电站2,水电站,贵州省遵义市,多年平均流量：502立方米/秒。设计洪水流量：19200立方米/秒。校核洪水位：762.8米。正常高水位：760米。死水位：720米。校核尾水位：672.9米。,汉江3,丹江口水电站1,1982年
湖北省丹江口市3,城市,湖北省丹江口市,中国水都。南水北调工程：南水北调中线工程调水源头的知名度以及悠久的文化历史，促进了旅游经济的蓬勃发展。,三峡水电站2,丹江口水电站1,1958年
贵州省遵义市3,城市,贵州省遵义市,简称“遵”。首批国家历史文化名城。“遵义会议”,汉江3,乌江渡水电站1,622年
丹江口水坝3,水坝,湖北省丹江口市,著名景点：丹江口大坝，丹江口工程展览馆等。所属国家：中国。所属城市：丹江口市。适宜游玩季节：四季皆宜。兴建时间：1958年9月1日。类型：国家水利风景区。,湖北省丹江口市2,三峡水电站1,1974年
乌江渡大坝3,水坝,贵州省遵义市,区域特征：岩溶典型发育区。兴建时间：1970年4月。完工时间：1982年12月4日。位置：云贵高原乌江干流上。,贵州省遵义市3,乌江渡水电站4,1982年
丹江口水库3,水库,湖北省丹江口市,别名：亚洲天池。行政区类别：国家一级水源保护区。所属地区：湖北省丹江口市，河南省淅川县。地理位置：汉江中上游，鄂、豫交界。面积：近1000平方公里。气候条件：亚热带季风气候。,汉江1,丹江口水电站2,1958年
乌江渡水库3,水库,贵州省遵义市,中文名：乌江渡水库。位于：贵州省中部。坝址：遵义市遵义县乌江镇。投用时间：1983年。,乌江渡大坝2,乌江渡水电站4,1983年
汉江3,河流,陕西省汉中市,汉江流域属亚热带季风区，气候温和湿润，年降水量873mm，水量较丰沛；但年内分配不均，5～10月径流量占全年75%左右，年际变化较大，是长江各大支流中变化最大的河流。,陕西省汉中市3,长江1,两亿年前
乌江3,河流,云南省,乌江是长江上游右岸最大的一条支流，流域面积8.82万平方公里；有南北两源，从南源至河口全长1037km，天然落差2124m，河口多年平均流量1690立方米/秒，年径流量534亿立方米。,汉江1,乌江渡大坝2,两亿年前
丹江口水电站3,水电站,湖北省丹江口市,控制流域面积: 95217平方公里。多年平均流量: 1200秒立米。正常蓄水位/死水位: 157/139米。总库容/调节库容: 208.9/102.2亿立方米。,汉江5,三峡水电站4,1970年
乌江渡水电站3,水电站,贵州省遵义市,多年平均流量：502立方米/秒。设计洪水流量：19200立方米/秒。校核洪水位：762.8米。正常高水位：760米。死水位：720米。校核尾水位：672.9米。,汉江3,丹江口水电站6,1982年
湖北省丹江口市4,城市,湖北省丹江口市,中国水都。南水北调工程：南水北调中线工程调水源头的知名度以及悠久的文化历史，促进了旅游经济的蓬勃发展。,三峡水电站2,丹江口水电站3,1958年
贵州省遵义市4,城市,贵州省遵义市,简称“遵”。首批国家历史文化名城。“遵义会议”,汉江1,乌江渡水电站5,622年
丹江口水坝4,水坝,湖北省丹江口市,著名景点：丹江口大坝，丹江口工程展览馆等。所属国家：中国。所属城市：丹江口市。适宜游玩季节：四季皆宜。兴建时间：1958年9月1日。类型：国家水利风景区。,湖北省丹江口市1,三峡水电站3,1974年
乌江渡大坝4,水坝,贵州省遵义市,区域特征：岩溶典型发育区。兴建时间：1970年4月。完工时间：1982年12月4日。位置：云贵高原乌江干流上。,贵州省遵义市4,乌江渡水电站5,1982年
丹江口水库4,水库,湖北省丹江口市,别名：亚洲天池。行政区类别：国家一级水源保护区。所属地区：湖北省丹江口市，河南省淅川县。地理位置：汉江中上游，鄂、豫交界。面积：近1000平方公里。气候条件：亚热带季风气候。,汉江2,丹江口水电站4,1958年
乌江渡水库4,水库,贵州省遵义市,中文名：乌江渡水库。位于：贵州省中部。坝址：遵义市遵义县乌江镇。投用时间：1983年。,乌江渡大坝2,乌江渡水电站3,1983年
汉江4,河流,陕西省汉中市,汉江流域属亚热带季风区，气候温和湿润，年降水量873mm，水量较丰沛；但年内分配不均，5～10月径流量占全年75%左右，年际变化较大，是长江各大支流中变化最大的河流。,陕西省汉中市1,长江2,两亿年前
乌江4,河流,云南省,乌江是长江上游右岸最大的一条支流，流域面积8.82万平方公里；有南北两源，从南源至河口全长1037km，天然落差2124m，河口多年平均流量1690立方米/秒，年径流量534亿立方米。,汉江2,乌江渡大坝4,两亿年前
丹江口水电站4,水电站,湖北省丹江口市,控制流域面积: 95217平方公里。多年平均流量: 1200秒立米。正常蓄水位/死水位: 157/139米。总库容/调节库容: 208.9/102.2亿立方米。,汉江5,三峡水电站3,1970年
乌江渡水电站4,水电站,贵州省遵义市,多年平均流量：502立方米/秒。设计洪水流量：19200立方米/秒。校核洪水位：762.8米。正常高水位：760米。死水位：720米。校核尾水位：672.9米。,汉江2,丹江口水电站5,1982年
湖北省丹江口市5,城市,湖北省丹江口市,中国水都。南水北调工程：南水北调中线工程调水源头的知名度以及悠久的文化历史，促进了旅游经济的蓬勃发展。,三峡水电站2,丹江口水电站3,1958年
贵州省遵义市5,城市,贵州省遵义市,简称“遵”。首批国家历史文化名城。“遵义会议”,汉江4,乌江渡水电站1,622年
丹江口水坝5,水坝,湖北省丹江口市,著名景点：丹江口大坝，丹江口工程展览馆等。所属国家：中国。所属城市：丹江口市。适宜游玩季节：四季皆宜。兴建时间：1958年9月1日。类型：国家水利风景区。,湖北省丹江口市2,三峡水电站3,1974年
乌江渡大坝5,水坝,贵州省遵义市,区域特征：岩溶典型发育区。兴建时间：1970年4月。完工时间：1982年12月4日。位置：云贵高原乌江干流上。,贵州省遵义市1,乌江渡水电站3,1982年
丹江口水库5,水库,湖北省丹江口市,别名：亚洲天池。行政区类别：国家一级水源保护区。所属地区：湖北省丹江口市，河南省淅川县。地理位置：汉江中上游，鄂、豫交界。面积：近1000平方公里。气候条件：亚热带季风气候。,汉江3,丹江口水电站2,1958年
乌江渡水库5,水库,贵州省遵义市,中文名：乌江渡水库。位于：贵州省中部。坝址：遵义市遵义县乌江镇。投用时间：1983年。,乌江渡大坝5,乌江渡水电站4,1983年
汉江5,河流,陕西省汉中市,汉江流域属亚热带季风区，气候温和湿润，年降水量873mm，水量较丰沛；但年内分配不均，5～10月径流量占全年75%左右，年际变化较大，是长江各大支流中变化最大的河流。,陕西省汉中市2,长江3,两亿年前
乌江5,河流,云南省,乌江是长江上游右岸最大的一条支流，流域面积8.82万平方公里；有南北两源，从南源至河口全长1037km，天然落差2124m，河口多年平均流量1690立方米/秒，年径流量534亿立方米。,汉江4,乌江渡大坝3,两亿年前
丹江口水电站5,水电站,湖北省丹江口市,控制流域面积: 95217平方公里。多年平均流量: 1200秒立米。正常蓄水位/死水位: 157/139米。总库容/调节库容: 208.9/102.2亿立方米。,汉江2,三峡水电站5,1970年
乌江渡水电站5,水电站,贵州省遵义市,多年平均流量：502立方米/秒。设计洪水流量：19200立方米/秒。校核洪水位：762.8米。正常高水位：760米。死水位：720米。校核尾水位：672.9米。,汉江1,丹江口水电站3,1982年
湖北省丹江口市6,城市,湖北省丹江口市,中国水都。南水北调工程：南水北调中线工程调水源头的知名度以及悠久的文化历史，促进了旅游经济的蓬勃发展。,三峡水电站2,丹江口水电站3,1958年
贵州省遵义市6,城市,贵州省遵义市,简称“遵”。首批国家历史文化名城。“遵义会议”,汉江1,乌江渡水电站2,622年
丹江口水坝6,水坝,湖北省丹江口市,著名景点：丹江口大坝，丹江口工程展览馆等。所属国家：中国。所属城市：丹江口市。适宜游玩季节：四季皆宜。兴建时间：1958年9月1日。类型：国家水利风景区。,湖北省丹江口市6,三峡水电站5,1974年
乌江渡大坝6,水坝,贵州省遵义市,区域特征：岩溶典型发育区。兴建时间：1970年4月。完工时间：1982年12月4日。位置：云贵高原乌江干流上。,贵州省遵义市4,乌江渡水电站5,1982年
丹江口水库6,水库,湖北省丹江口市,别名：亚洲天池。行政区类别：国家一级水源保护区。所属地区：湖北省丹江口市，河南省淅川县。地理位置：汉江中上游，鄂、豫交界。面积：近1000平方公里。气候条件：亚热带季风气候。,汉江2,丹江口水电站3,1958年
乌江渡水库6,水库,贵州省遵义市,中文名：乌江渡水库。位于：贵州省中部。坝址：遵义市遵义县乌江镇。投用时间：1983年。,乌江渡大坝4,乌江渡水电站6,1983年
汉江6,河流,陕西省汉中市,汉江流域属亚热带季风区，气候温和湿润，年降水量873mm，水量较丰沛；但年内分配不均，5～10月径流量占全年75%左右，年际变化较大，是长江各大支流中变化最大的河流。,陕西省汉中市4,长江5,两亿年前
乌江6,河流,云南省,乌江是长江上游右岸最大的一条支流，流域面积8.82万平方公里；有南北两源，从南源至河口全长1037km，天然落差2124m，河口多年平均流量1690立方米/秒，年径流量534亿立方米。,汉江3,乌江渡大坝2,两亿年前
丹江口水电站6,水电站,湖北省丹江口市,控制流域面积: 95217平方公里。多年平均流量: 1200秒立米。正常蓄水位/死水位: 157/139米。总库容/调节库容: 208.9/102.2亿立方米。,汉江4,三峡水电站3,1970年
乌江渡水电站6,水电站,贵州省遵义市,多年平均流量：502立方米/秒。设计洪水流量：19200立方米/秒。校核洪水位：762.8米。正常高水位：760米。死水位：720米。校核尾水位：672.9米。,汉江1,丹江口水电站4,1982年
